Id,TPK
1,1.9158535387598092
2,2.1817202528996558
3,1.8309842418180848
4,1.8499914754219142
5,1.8600690531902095
6,1.9966173256425805
