Id,TPK
1,9.034420461718263
2,12.297902303665243
3,7.9426753897327105
4,8.189413884347752
5,8.319705702417767
6,10.05013600936019
